Iteration, Entropy
1, 0.015932
2, 0.013897
3, 0.013986
4, 0.011205
5, 0.012283
6, 0.010841
7, 0.011662
8, 0.010741
9, 0.011279
10, 0.010766
11, 0.011260
12, 0.010531
13, 0.011056
14, 0.010350
15, 0.011628
16, 0.010867
17, 0.011381
18, 0.010900
19, 0.011710
20, 0.010889
