Iteration, Entropy
1, 0.193522
2, 0.192257
3, 0.188139
4, 0.182887
5, 0.173737
6, 0.162572
7, 0.151736
8, 0.140438
9, 0.129620
10, 0.117715
11, 0.107298
12, 0.097968
13, 0.089378
14, 0.081780
15, 0.075122
16, 0.069405
17, 0.064241
18, 0.059527
19, 0.055169
20, 0.051228
