Iteration, Entropy
1, 0.574292
2, 0.570867
3, 0.568946
4, 0.567278
5, 0.565542
6, 0.562933
7, 0.560522
8, 0.558121
9, 0.555785
10, 0.553746
11, 0.551807
12, 0.549876
13, 0.547188
14, 0.545286
15, 0.542942
16, 0.540746
17, 0.539067
18, 0.537744
19, 0.535056
20, 0.534195
